FCSTDATE,FCSTTIME,TMP,UUU,VVV,VEC,WSD,SKY,PTY,POP,WAV,PCP,REH,SNO,TMX,TMN
20220425,1200,21,-0.1,0.5,158,0.5,4,0,30,0,강수없음,70,적설없음,,
20220425,1300,22,0.1,0.8,187,0.8,3,0,20,0,강수없음,70,적설없음,,
20220425,1400,23,0.3,1,197,1,3,0,20,0,강수없음,65,적설없음,,
20220425,1500,24,0.8,1,219,1.3,3,0,20,0,강수없음,60,적설없음,,26.0
20220425,1600,24,1.1,0.6,241,1.3,3,0,20,0,강수없음,55,적설없음,,
20220425,1700,24,0.8,-0.2,284,0.8,3,0,20,0,강수없음,55,적설없음,,
20220425,1800,23,0.5,-0.4,309,0.6,3,0,20,0,강수없음,65,적설없음,,
20220425,1900,22,0,-0.6,9,0.6,4,0,30,0,강수없음,65,적설없음,,
20220425,2000,21,0,-1,6,1,4,0,30,0,강수없음,65,적설없음,,
20220425,2100,21,-0.6,-0.9,38,1.1,4,0,30,0,강수없음,70,적설없음,,
20220425,2200,20,-0.8,-1.1,39,1.4,4,0,30,0,강수없음,70,적설없음,,
20220425,2300,20,-0.1,1.1,170,1.1,4,0,30,0,강수없음,70,적설없음,,
20220426,0000,19,-0.4,1.4,160,1.5,4,0,30,0,강수없음,70,적설없음,,
20220426,0100,19,-1.2,-2.3,29,2.6,4,1,85,0,2.0mm,70,적설없음,,
20220426,0200,18,-3.8,-1.3,72,4.1,4,1,74,0,3.0mm,80,적설없음,,
20220426,0300,18,-3.2,-0.2,87,3.3,4,1,60,0,2.0mm,85,적설없음,,
20220426,0400,18,-3.8,-0.8,78,4,4,1,60,0,2.0mm,85,적설없음,,
20220426,0500,17,-2.6,-2,53,3.4,4,1,60,0,2.0mm,85,적설없음,,
20220426,0600,17,-1,-1.9,30,2.2,4,1,60,0,2.0mm,80,적설없음,17.0,
20220426,0700,17,-1.1,-1.5,39,1.9,4,1,60,0,1.0mm,80,적설없음,,
20220426,0800,18,-1.1,-1.4,41,1.8,4,0,30,0,강수없음,75,적설없음,,
20220426,0900,19,0.1,-1.5,356,1.5,4,0,30,0,강수없음,75,적설없음,,
20220426,1000,20,-0.1,-1.8,6,1.8,3,0,20,0,강수없음,65,적설없음,,
20220426,1100,22,-0.1,-1.1,10,1.1,3,0,20,0,강수없음,60,적설없음,,
20220426,1200,25,1.1,-2.4,335,2.6,1,0,0,0,강수없음,45,적설없음,,
20220426,1300,26,1.4,-2.1,326,2.5,1,0,0,0,강수없음,45,적설없음,,
20220426,1400,27,2.3,-1.4,301,2.7,1,0,0,0,강수없음,45,적설없음,,
20220426,1500,26,3,-1.3,293,3.3,1,0,0,0,강수없음,45,적설없음,,28.0
20220426,1600,26,3.2,-2.3,306,3.9,1,0,0,0,강수없음,45,적설없음,,
20220426,1700,25,3,-2.3,307,3.8,1,0,0,0,강수없음,50,적설없음,,
20220426,1800,24,2.3,-0.5,282,2.4,1,0,0,0,강수없음,50,적설없음,,
20220426,1900,22,2.2,0.4,260,2.2,1,0,0,0,강수없음,55,적설없음,,
20220426,2000,19,2.4,-0.4,279,2.4,1,0,0,0,강수없음,65,적설없음,,
20220426,2100,19,2.4,-1.9,308,3.1,1,0,0,0,강수없음,65,적설없음,,
20220426,2200,17,2.1,-1.9,312,2.8,1,0,0,0,강수없음,60,적설없음,,
20220426,2300,17,2.2,-1.7,308,2.8,1,0,0,0,강수없음,55,적설없음,,
20220427,0000,15,1.7,-1.8,317,2.5,1,0,0,0,강수없음,40,적설없음,,
20220427,0100,15,1.4,-2.3,329,2.7,1,0,0,0,강수없음,35,적설없음,,
20220427,0200,14,1.4,-1.6,319,2.1,1,0,0,0,강수없음,30,적설없음,,
20220427,0300,13,1.7,-2.3,324,2.9,1,0,0,0,강수없음,30,적설없음,,
20220427,0400,12,1.4,-1.9,324,2.4,1,0,0,0,강수없음,35,적설없음,,
20220427,0500,12,1.4,-2,325,2.4,1,0,0,0,강수없음,40,적설없음,,
20220427,0600,11,1.1,-1.5,324,1.9,1,0,0,0,강수없음,40,적설없음,11.0,
20220427,0700,11,1.3,-1.7,323,2.1,1,0,0,0,강수없음,45,적설없음,,
20220427,0800,13,1.7,-2.3,324,2.9,1,0,0,0,강수없음,40,적설없음,,
20220427,0900,14,1.8,-2.1,319,2.8,1,0,0,0,강수없음,35,적설없음,,
20220427,1000,15,1.8,-2.4,323,3,1,0,0,0,강수없음,30,적설없음,,
20220427,1100,17,1.4,-2.5,331,2.9,1,0,0,0,강수없음,30,적설없음,,
20220427,1200,19,0.7,-1.3,332,1.5,1,0,0,0,강수없음,30,적설없음,,
20220427,1300,20,1.2,-0.8,304,1.4,1,0,0,0,강수없음,30,적설없음,,
20220427,1400,21,1.9,-0.8,293,2.1,1,0,0,0,강수없음,25,적설없음,,
20220427,1500,21,1.8,-0.9,297,2,1,0,0,0,강수없음,25,적설없음,,22.0
20220427,1600,22,1.7,-0.3,280,1.7,1,0,0,0,강수없음,25,적설없음,,
20220427,1700,21,1.5,0.3,259,1.5,1,0,0,0,강수없음,25,적설없음,,
20220427,1800,20,1.4,1.2,229,1.8,1,0,0,0,강수없음,30,적설없음,,
20220427,1900,18,1.2,1.2,225,1.7,1,0,0,0,강수없음,40,적설없음,,
20220427,2000,17,1,0.8,231,1.3,1,0,0,0,강수없음,40,적설없음,,
20220427,2100,16,1.4,-0.7,297,1.6,1,0,0,0,강수없음,40,적설없음,,
20220427,2200,16,0.9,-1.5,329,1.7,1,0,0,0,강수없음,40,적설없음,,
20220427,2300,15,0.6,-1.2,333,1.3,1,0,0,0,강수없음,45,적설없음,,
20220428,0000,14,0.5,-1.5,342,1.6,1,0,0,0,강수없음,45,적설없음,,
20220428,0100,14,0.1,-1.4,356,1.4,1,0,0,0,강수없음,50,적설없음,,
20220428,0200,13,0.1,-1.5,356,1.5,1,0,0,0,강수없음,55,적설없음,,
20220428,0300,13,0.1,-1.4,356,1.4,1,0,0,0,강수없음,55,적설없음,,
20220428,0400,12,-0.5,-1.4,23,1.5,1,0,0,0,강수없음,65,적설없음,,
20220428,0500,12,-1.1,-1.2,45,1.7,3,0,20,0,강수없음,65,적설없음,,
20220428,0600,12,-1.6,-0.1,87,1.7,3,0,20,0,강수없음,70,적설없음,12.0,
20220428,0700,13,-1.1,0.4,108,1.3,1,0,0,0,강수없음,60,적설없음,,
20220428,0800,14,-1.4,0.9,121,1.7,1,0,0,0,강수없음,55,적설없음,,
20220428,0900,17,-1,1,132,1.5,1,0,0,0,강수없음,50,적설없음,,
20220428,1000,18,-0.5,1,149,1.2,1,0,0,0,강수없음,50,적설없음,,
20220428,1100,20,0.4,0.7,210,0.8,1,0,0,0,강수없음,45,적설없음,,
20220428,1200,22,0.8,0.6,233,1,1,0,0,0,강수없음,30,적설없음,,
20220428,1300,23,1.4,0.5,250,1.5,3,0,20,0,강수없음,30,적설없음,,
20220428,1400,23,1.8,0.3,261,1.8,3,0,20,0,강수없음,30,적설없음,,
20220428,1500,23,2.4,-0.1,272,2.4,3,0,20,0,강수없음,30,적설없음,,24.0
20220428,1600,23,2.6,-0.5,281,2.6,4,0,30,0,강수없음,25,적설없음,,
20220428,1700,22,2.5,-0.9,290,2.7,4,0,30,0,강수없음,30,적설없음,,
20220428,1800,21,1.9,-0.6,288,2,4,0,30,0,강수없음,35,적설없음,,
20220428,1900,20,1.3,-0.1,274,1.3,3,0,20,0,강수없음,40,적설없음,,
20220428,2000,18,1.3,-1.1,310,1.7,4,0,30,0,강수없음,45,적설없음,,
20220428,2100,18,-0.2,-1.7,10,1.7,4,0,30,0,강수없음,50,적설없음,,
20220428,2200,17,-1.2,-1.4,43,1.9,4,0,30,0,강수없음,55,적설없음,,
20220428,2300,16,-1,-1.6,35,1.9,4,0,30,0,강수없음,60,적설없음,,
20220429,0000,16,-1.8,-1.4,54,2.4,4,0,30,0,강수없음,60,적설없음,,
20220429,0100,15,-1.6,-1.2,55,2.1,4,0,30,0,강수없음,65,적설없음,,
20220429,0200,14,-1.6,-1.1,57,2,4,1,60,0,강수없음,70,적설없음,,
20220429,0300,13,-1.9,-1.3,57,2.4,4,1,60,0,1.0mm,75,적설없음,,
20220429,0400,13,-2,-1,65,2.3,4,1,60,0,1.0mm,80,적설없음,,
20220429,0500,12,-1.9,-0.8,68,2.2,4,1,60,0,강수없음,85,적설없음,,
20220429,0600,12,-1.6,-0.9,62,1.9,4,1,60,0,강수없음,85,적설없음,12.0,
20220429,0700,12,-1.5,-1.1,55,1.9,4,1,60,0,강수없음,85,적설없음,,
20220429,0800,13,-2,-0.8,69,2.2,4,0,30,0,강수없음,80,적설없음,,
20220429,0900,14,-2.7,-0.4,82,2.8,4,0,30,0,강수없음,75,적설없음,,
20220429,1000,14,-2.6,-0.5,80,2.7,4,0,30,0,강수없음,70,적설없음,,
20220429,1100,14,-2.8,-1,71,3.1,4,0,30,0,강수없음,65,적설없음,,
20220429,1200,15,-2.2,-1.4,59,2.7,4,0,30,0,강수없음,55,적설없음,,
20220429,1300,17,-1.9,-1.8,48,2.7,3,0,20,0,강수없음,50,적설없음,,
20220429,1400,17,-1.6,-1.9,42,2.5,3,0,20,0,강수없음,50,적설없음,,
20220429,1500,17,-1.8,-2.3,40,3,3,0,20,0,강수없음,45,적설없음,,18.0
20220429,1600,18,-2,-2.3,42,3.1,3,0,20,0,강수없음,45,적설없음,,
20220429,1700,17,-2.1,-2.2,45,3.1,3,0,20,0,강수없음,45,적설없음,,
20220429,1800,16,-2.3,-1.7,55,2.9,3,0,20,0,강수없음,45,적설없음,,
20220429,1900,15,-1.8,-0.8,67,2.1,3,0,20,0,강수없음,50,적설없음,,
20220429,2000,14,-1.9,-0.8,68,2.2,1,0,0,0,강수없음,55,적설없음,,
20220429,2100,13,-1.8,-0.8,67,2.1,1,0,0,0,강수없음,55,적설없음,,
20220429,2200,12,-1.6,-0.6,71,1.8,1,0,0,0,강수없음,60,적설없음,,
20220429,2300,12,-1.5,-0.4,76,1.6,1,0,0,0,강수없음,60,적설없음,,
20220430,0000,11,-1.5,0,90,1.6,1,0,0,0,강수없음,65,적설없음,,
20220430,0100,11,-1.3,0.4,106,1.5,3,0,20,0,강수없음,65,적설없음,,
20220430,0200,10,-1.1,0.5,113,1.3,3,0,20,0,강수없음,70,적설없음,,
20220430,0300,10,-1,0.6,119,1.3,3,0,20,0,강수없음,70,적설없음,,
20220430,0400,10,-1.1,0.7,120,1.4,3,0,20,0,강수없음,70,적설없음,,
20220430,0500,10,-1,0.6,119,1.3,3,0,20,0,강수없음,75,적설없음,,
20220430,0600,10,-1.1,0.8,124,1.4,3,0,20,0,강수없음,75,적설없음,10.0,
20220430,0700,11,-1.3,1.4,135,2,4,0,30,0,강수없음,70,적설없음,,
20220430,0800,12,-1.1,1.5,141,1.9,3,0,20,0,강수없음,65,적설없음,,
20220430,0900,13,-1,2,151,2.3,4,0,30,0,강수없음,60,적설없음,,
20220430,1000,14,-0.1,2.4,175,2.4,4,0,30,0,강수없음,55,적설없음,,
20220430,1100,15,1.3,2.1,212,2.5,4,0,30,0,강수없음,55,적설없음,,
20220502,1200,18,3.7,-2.9,309,4.7,1,0,0,0,강수없음,25,적설없음,,
20220502,1300,18,4.2,-2.7,302,5,1,0,0,0,강수없음,25,적설없음,,
20220502,1400,18,4.6,-2.2,296,5.1,1,0,0,0,강수없음,25,적설없음,,
20220502,1500,18,5,-1.7,288,5.3,1,0,0,0,강수없음,25,적설없음,,19.0
20220502,1600,18,4.6,-1,282,4.7,1,0,0,0,강수없음,25,적설없음,,
20220502,1700,18,3.9,-0.6,279,3.9,1,0,0,0,강수없음,25,적설없음,,
20220502,1800,17,3.8,-0.3,274,3.8,1,0,0,0,강수없음,30,적설없음,,
20220502,1900,16,2.6,0.7,256,2.7,1,0,0,0,강수없음,40,적설없음,,
20220502,2000,15,2.5,-0.7,285,2.6,1,0,0,0,강수없음,45,적설없음,,
20220502,2100,14,2.5,-2.5,315,3.6,1,0,0,0,강수없음,50,적설없음,,
20220502,2200,13,1.9,-2.2,319,2.9,1,0,0,0,강수없음,50,적설없음,,
20220502,2300,13,1.1,-2,331,2.3,1,0,0,0,강수없음,55,적설없음,,
20220503,0000,12,0.7,-2.2,342,2.3,1,0,0,0,강수없음,65,적설없음,,
20220503,0100,12,0.5,-2.2,347,2.3,1,0,0,0,강수없음,65,적설없음,,
20220503,0200,11,-0.1,-1.8,7,1.8,1,0,0,0,강수없음,70,적설없음,,
20220503,0300,10,-0.1,-1,11,1,1,0,0,0,강수없음,75,적설없음,,
20220503,0400,10,-1.1,-0.8,56,1.4,1,0,0,0,강수없음,70,적설없음,,
20220503,0500,10,-0.6,1.1,146,1.3,1,0,0,0,강수없음,75,적설없음,,
20220503,0600,9,0,0.4,175,0.4,1,0,0,0,강수없음,75,적설없음,9.0,
20220503,0700,11,0.2,1,189,1,1,0,0,0,강수없음,70,적설없음,,
20220503,0800,13,0.2,1.3,187,1.3,1,0,0,0,강수없음,60,적설없음,,
20220503,0900,15,0.9,2.2,202,2.4,1,0,0,0,강수없음,55,적설없음,,
20220503,1000,17,2,2.8,216,3.5,1,0,0,0,강수없음,40,적설없음,,
20220503,1100,18,2.8,3.5,218,4.5,1,0,0,0,강수없음,35,적설없음,,
20220503,1200,19,2.7,2.5,227,3.7,1,0,0,0,강수없음,30,적설없음,,
20220503,1300,19,3.1,2.3,233,3.9,1,0,0,0,강수없음,30,적설없음,,
20220503,1400,20,3.3,2.2,236,4,1,0,0,0,강수없음,30,적설없음,,
20220503,1500,20,3.3,2.1,238,3.9,1,0,0,0,강수없음,25,적설없음,,20.0
20220503,1600,19,3.2,2,238,3.8,1,0,0,0,강수없음,30,적설없음,,
20220503,1700,18,2.9,1.8,238,3.4,1,0,0,0,강수없음,30,적설없음,,
20220503,1800,17,2,1.4,235,2.4,1,0,0,0,강수없음,35,적설없음,,
20220503,1900,16,1,0.9,228,1.3,1,0,0,0,강수없음,40,적설없음,,
20220503,2000,15,0.6,1.1,209,1.3,1,0,0,0,강수없음,45,적설없음,,
20220503,2100,15,0.2,1.5,188,1.5,1,0,0,0,강수없음,50,적설없음,,
20220503,2200,14,-0.3,1.5,165,1.6,1,0,0,0,강수없음,50,적설없음,,
20220503,2300,14,-0.5,1.5,158,1.6,1,0,0,0,강수없음,55,적설없음,,
20220504,0000,13,-0.5,1.5,158,1.6,1,0,0,0,강수없음,55,적설없음,,
20220504,0100,13,-0.4,1.5,162,1.6,1,0,0,0,강수없음,55,적설없음,,
20220504,0200,13,-0.6,1.5,155,1.7,1,0,0,0,강수없음,55,적설없음,,
20220504,0300,12,-0.8,1.4,147,1.7,1,0,0,0,강수없음,55,적설없음,,
20220504,0400,12,-0.9,1.4,144,1.7,1,0,0,0,강수없음,55,적설없음,,
20220504,0500,12,-0.9,1.4,144,1.7,1,0,0,0,강수없음,55,적설없음,,
20220504,0600,12,-1,1.4,142,1.8,1,0,0,0,강수없음,60,적설없음,12.0,
20220504,0700,13,-1.1,1.4,139,1.8,1,0,0,0,강수없음,55,적설없음,,
20220504,0800,15,-0.3,2.2,170,2.2,1,0,0,0,강수없음,50,적설없음,,
20220504,0900,17,0,2.5,180,2.5,1,0,0,0,강수없음,45,적설없음,,
20220504,1000,19,0.9,2.7,198,2.8,1,0,0,0,강수없음,40,적설없음,,
20220504,1100,21,1.8,2.9,212,3.4,1,0,0,0,강수없음,40,적설없음,,
20220504,1200,23,2.2,3,216,3.7,1,0,0,0,강수없음,35,적설없음,,
20220504,1300,23,2.7,3,222,4,1,0,0,0,강수없음,35,적설없음,,
20220504,1400,24,2.9,3,224,4.2,1,0,0,0,강수없음,40,적설없음,,
20220504,1500,23,3,3,225,4.2,1,0,0,0,강수없음,40,적설없음,,24.0
20220504,1600,23,3,2.9,226,4.2,1,0,0,0,강수없음,40,적설없음,,
20220504,1700,22,2.6,2.7,224,3.7,1,0,0,0,강수없음,40,적설없음,,
20220504,1800,21,1.7,2,220,2.6,1,0,0,0,강수없음,45,적설없음,,
20220504,1900,19,0.9,1.5,211,1.7,1,0,0,0,강수없음,50,적설없음,,
20220504,2000,18,0.4,1.6,194,1.6,1,0,0,0,강수없음,55,적설없음,,
20220504,2100,18,-0.1,1.6,173,1.6,1,0,0,0,강수없음,60,적설없음,,
20220504,2200,17,-0.4,1.5,162,1.6,1,0,0,0,강수없음,60,적설없음,,
20220504,2300,16,-0.5,1.4,157,1.5,1,0,0,0,강수없음,65,적설없음,,
20220505,0000,16,-0.7,1.4,150,1.6,1,0,0,0,강수없음,60,적설없음,,
20220505,0100,15,-0.7,1.3,148,1.5,1,0,0,0,강수없음,65,적설없음,,
20220505,0200,15,-0.7,1.3,148,1.5,1,0,0,0,강수없음,60,적설없음,,
20220505,0300,14,-0.6,1.4,153,1.6,1,0,0,0,강수없음,65,적설없음,,
20220505,0400,14,-0.5,1.4,157,1.5,1,0,0,0,강수없음,65,적설없음,,
20220505,0500,14,0,1.8,177,1.8,1,0,0,0,강수없음,65,적설없음,,
20220505,0600,13,0.1,1.8,183,1.8,1,0,0,0,강수없음,65,적설없음,13.0,
20220505,0700,15,-0.3,1,158,1.1,1,0,0,0,강수없음,65,적설없음,,
20220505,0800,17,-0.5,1.2,153,1.3,1,0,0,0,강수없음,45,적설없음,,
20220505,0900,18,0.2,1.7,187,1.7,1,0,0,0,강수없음,45,적설없음,,
20220505,1000,20,0.8,1.8,204,2,1,0,0,0,강수없음,40,적설없음,,
20220505,1100,22,1.5,1.8,220,2.3,1,0,0,0,강수없음,35,적설없음,,
20220509,1200,21,-2,0.2,95,2.1,1,0,0,0,강수없음,45,적설없음,,
20220509,1300,22,-2.3,0.5,102,2.5,1,0,0,0,강수없음,35,적설없음,,
20220509,1400,23,-2.3,0.8,108,2.5,1,0,0,0,강수없음,35,적설없음,,
20220509,1500,24,-1.9,1,117,2.2,1,0,0,0,강수없음,30,적설없음,,25.0
20220509,1600,24,-1.4,1.1,126,1.9,1,0,0,0,강수없음,30,적설없음,,
20220509,1700,24,-0.8,1.3,145,1.6,1,0,0,0,강수없음,30,적설없음,,
20220509,1800,22,0.3,1,197,1,1,0,0,0,강수없음,35,적설없음,,
20220509,1900,20,0.8,0.9,222,1.2,1,0,0,0,강수없음,45,적설없음,,
20220509,2000,19,-0.2,1,163,1,1,0,0,0,강수없음,50,적설없음,,
20220509,2100,19,-1.3,1.5,137,2.1,1,0,0,0,강수없음,55,적설없음,,
20220509,2200,18,-1,0.8,126,1.4,1,0,0,0,강수없음,55,적설없음,,
20220509,2300,18,-1.2,0.8,122,1.5,3,0,20,0,강수없음,50,적설없음,,
20220510,0000,17,-1.4,1,124,1.8,3,0,20,0,강수없음,50,적설없음,,
20220510,0100,16,-1.1,1,130,1.6,3,0,20,0,강수없음,50,적설없음,,
20220510,0200,15,-1.2,1,128,1.6,3,0,20,0,강수없음,55,적설없음,,
20220510,0300,14,-1.3,0.8,120,1.6,3,0,20,0,강수없음,55,적설없음,,
20220510,0400,14,-1.2,0.8,122,1.5,3,0,20,0,강수없음,60,적설없음,,
20220510,0500,13,-1.4,0.6,112,1.6,3,0,20,0,강수없음,65,적설없음,,
20220510,0600,13,-1.6,0.3,100,1.7,3,0,20,0,강수없음,70,적설없음,13.0,
20220510,0700,14,-1.6,0.6,109,1.8,3,0,20,0,강수없음,55,적설없음,,
20220510,0800,16,-1.6,1,120,2,3,0,20,0,강수없음,50,적설없음,,
20220510,0900,17,-1.7,0.9,117,2,3,0,20,0,강수없음,45,적설없음,,
20220510,1000,19,-1.7,1.2,124,2.2,3,0,20,0,강수없음,35,적설없음,,
20220510,1100,20,-1.7,1.5,130,2.3,4,0,30,0,강수없음,30,적설없음,,
20220510,1200,23,-1.7,2.1,139,2.8,3,0,20,0,강수없음,20,적설없음,,
20220510,1300,24,-1.5,2.4,146,2.9,3,0,20,0,강수없음,15,적설없음,,
20220510,1400,24,-1.4,2.4,148,2.9,3,0,20,0,강수없음,15,적설없음,,
20220510,1500,24,-1.3,2.3,148,2.7,3,0,20,0,강수없음,15,적설없음,,25.0
20220510,1600,25,-1.2,2.3,150,2.6,3,0,20,0,강수없음,15,적설없음,,
20220510,1700,24,-0.5,2.1,163,2.2,3,0,20,0,강수없음,15,적설없음,,
20220510,1800,23,0.5,1.2,204,1.3,3,0,20,0,강수없음,25,적설없음,,
20220510,1900,21,1.1,0.8,234,1.3,3,0,20,0,강수없음,35,적설없음,,
20220510,2000,20,1.3,0.1,266,1.3,3,0,20,0,강수없음,45,적설없음,,
20220510,2100,19,0.5,-0.1,285,0.5,4,0,30,0,강수없음,50,적설없음,,
20220510,2200,18,0,1.2,180,1.2,3,0,20,0,강수없음,50,적설없음,,
20220510,2300,17,-0.8,1.4,146,1.7,3,0,20,0,강수없음,55,적설없음,,
20220511,0000,17,-0.5,1.2,153,1.3,4,0,30,0,강수없음,60,적설없음,,
20220511,0100,16,-0.6,1.2,152,1.4,4,0,30,0,강수없음,60,적설없음,,
20220511,0200,16,-0.6,1.2,148,1.4,4,0,30,0,강수없음,60,적설없음,,
20220511,0300,15,0.7,1.1,212,1.3,4,0,30,0,강수없음,60,적설없음,,
20220511,0400,15,0.9,-0.9,315,1.3,4,0,30,0,강수없음,65,적설없음,,
20220511,0500,15,-0.2,-0.5,34,0.6,4,0,30,0,강수없음,65,적설없음,,
20220511,0600,15,-0.4,-0.5,45,0.6,4,0,30,0,강수없음,70,적설없음,14.0,
20220511,0700,15,-0.2,-0.3,50,0.4,4,0,30,0,강수없음,65,적설없음,,
20220511,0800,16,-0.3,-0.3,56,0.5,4,0,30,0,강수없음,60,적설없음,,
20220511,0900,17,-0.6,-0.3,68,0.8,4,0,30,0,강수없음,55,적설없음,,
20220511,1000,18,-0.5,-0.4,61,0.7,4,0,30,0,강수없음,50,적설없음,,
20220511,1100,20,1.4,-0.8,300,1.6,4,0,30,0,강수없음,45,적설없음,,
20220511,1200,22,2.1,0.3,262,2.1,3,0,20,0,강수없음,40,적설없음,,
20220511,1300,22,2.2,0.5,257,2.3,3,0,20,0,강수없음,40,적설없음,,
20220511,1400,22,2.5,0.6,257,2.6,3,0,20,0,강수없음,45,적설없음,,
20220511,1500,22,2.7,0.8,253,2.8,3,0,20,0,강수없음,45,적설없음,,23.0
20220511,1600,22,2.6,0.4,261,2.6,3,0,20,0,강수없음,40,적설없음,,
20220511,1700,22,2.4,0.1,268,2.4,3,0,20,0,강수없음,40,적설없음,,
20220511,1800,20,1.6,0.2,263,1.6,4,0,30,0,강수없음,45,적설없음,,
20220511,1900,19,0.5,0.9,209,1,4,0,30,0,강수없음,55,적설없음,,
20220511,2000,18,1.2,0.6,243,1.3,4,0,30,0,강수없음,60,적설없음,,
20220511,2100,18,1.2,-0.5,293,1.3,1,0,0,0,강수없음,65,적설없음,,
20220511,2200,17,1,-0.7,305,1.2,1,0,0,0,강수없음,70,적설없음,,
20220511,2300,17,0.5,-0.7,324,0.9,1,0,0,0,강수없음,70,적설없음,,
20220512,0000,17,0.4,-1.3,343,1.4,3,0,20,0,강수없음,75,적설없음,,
20220512,0100,17,0,-1.1,360,1.1,3,0,20,0,강수없음,75,적설없음,,
20220512,0200,16,-0.1,-1.1,10,1.1,1,0,0,0,강수없음,75,적설없음,,
20220512,0300,16,-0.5,-1.2,27,1.3,1,0,0,0,강수없음,75,적설없음,,
20220512,0400,16,-0.9,-1,45,1.4,3,0,20,0,강수없음,75,적설없음,,
20220512,0500,15,-0.8,-0.6,56,1.1,3,0,20,0,강수없음,75,적설없음,,
20220512,0600,16,-0.6,-0.7,45,1,3,0,20,0,강수없음,75,적설없음,15.0,
20220512,0700,16,-0.3,-0.8,27,0.9,4,0,30,0,강수없음,75,적설없음,,
20220512,0800,18,0,-1.3,360,1.3,4,0,30,0,강수없음,70,적설없음,,
20220512,0900,20,0,-1.7,3,1.7,3,0,20,0,강수없음,60,적설없음,,
20220512,1000,22,-0.2,-1.7,10,1.7,3,0,20,0,강수없음,55,적설없음,,
20220512,1100,23,-0.2,-1.6,11,1.6,1,0,0,0,강수없음,50,적설없음,,
20220512,1200,24,-0.3,-0.1,76,0.4,3,0,20,0,강수없음,40,적설없음,,
20220512,1300,25,0.9,0.2,257,0.9,1,0,0,0,강수없음,40,적설없음,,
20220512,1400,26,1.7,0.6,251,1.8,1,0,0,0,강수없음,40,적설없음,,
20220512,1500,26,2.5,0.6,257,2.6,1,0,0,0,강수없음,40,적설없음,,27.0
20220512,1600,26,2.9,0.4,262,2.9,1,0,0,0,강수없음,40,적설없음,,
20220512,1700,25,2.8,0.1,268,2.8,1,0,0,0,강수없음,40,적설없음,,
20220512,1800,24,2.3,0,270,2.3,1,0,0,0,강수없음,40,적설없음,,
20220512,1900,22,1.3,0.4,253,1.4,1,0,0,0,강수없음,45,적설없음,,
20220512,2000,20,1,0.2,259,1,3,0,20,0,강수없음,50,적설없음,,
20220512,2100,20,1.1,-0.9,309,1.4,3,0,20,0,강수없음,55,적설없음,,
20220512,2200,19,0.4,-1.1,340,1.2,3,0,20,0,강수없음,60,적설없음,,
20220512,2300,19,-0.7,-0.1,83,0.8,4,0,30,0,강수없음,60,적설없음,,
20220513,0000,19,-1.1,0.1,95,1.2,3,0,20,0,강수없음,65,적설없음,,
20220513,0100,18,-0.8,0.8,132,1.2,3,0,20,0,강수없음,65,적설없음,,
20220513,0200,17,-0.5,0.8,143,1,3,0,20,0,강수없음,70,적설없음,,
20220513,0300,17,0.4,0.5,219,0.6,3,0,20,0,강수없음,70,적설없음,,
20220513,0400,16,0.6,-0.7,319,0.9,3,0,20,0,강수없음,70,적설없음,,
20220513,0500,16,0.2,-0.3,326,0.4,3,0,20,0,강수없음,70,적설없음,,
20220513,0600,16,0,-0.3,360,0.3,1,0,0,0,강수없음,70,적설없음,15.0,
20220513,0700,16,0.1,-0.1,315,0.1,1,0,0,0,강수없음,65,적설없음,,
20220513,0800,17,0.3,-0.7,337,0.8,1,0,0,0,강수없음,65,적설없음,,
20220513,0900,19,0.1,-1.2,355,1.2,1,0,0,0,강수없음,60,적설없음,,
20220513,1000,20,-0.4,-1.3,21,1.4,1,0,0,0,강수없음,55,적설없음,,
20220513,1100,22,0.2,-1.6,353,1.6,1,0,0,0,강수없음,50,적설없음,,
20220513,1200,23,-0.1,-1.3,9,1.3,3,0,20,0,강수없음,45,적설없음,,
20220513,1300,24,0,-1.1,5,1.1,3,0,20,0,강수없음,45,적설없음,,
20220513,1400,24,0.1,-1.4,356,1.4,4,0,30,0,강수없음,40,적설없음,,
20220513,1500,24,-0.1,-2,6,2,4,0,30,0,강수없음,40,적설없음,,26.0
20220513,1600,22,-1.3,-2.4,30,2.8,4,0,30,0,강수없음,40,적설없음,,
20220513,1700,21,-1.9,-1.3,57,2.4,4,0,30,0,강수없음,40,적설없음,,
20220513,1800,20,-1.2,-2.4,28,2.7,3,0,20,0,강수없음,45,적설없음,,
20220513,1900,19,-0.3,-3.1,7,3.1,4,0,30,0,강수없음,45,적설없음,,
20220513,2000,18,-0.7,-2.1,21,2.2,4,0,30,0,강수없음,50,적설없음,,
20220513,2100,17,-1.1,-1.1,47,1.6,3,0,20,0,강수없음,50,적설없음,,
20220513,2200,16,0,-1,6,1,1,0,0,0,강수없음,55,적설없음,,
20220513,2300,15,0.2,-1.1,350,1.1,1,0,0,0,강수없음,60,적설없음,,
20220514,0000,14,0.3,-0.9,342,0.9,1,0,0,0,강수없음,65,적설없음,,
20220514,0100,14,1,-0.5,297,1.1,1,0,0,0,강수없음,65,적설없음,,
20220514,0200,13,1.6,-0.5,287,1.7,1,0,0,0,강수없음,70,적설없음,,
20220514,0300,13,1.6,-0.3,281,1.6,1,0,0,0,강수없음,75,적설없음,,
20220514,0400,12,1.7,-0.4,283,1.7,1,0,0,0,강수없음,75,적설없음,,
20220514,0500,12,1.5,-0.8,298,1.7,1,0,0,0,강수없음,75,적설없음,,
20220514,0600,12,1.2,-1.1,313,1.6,1,0,0,0,강수없음,75,적설없음,11.0,
20220514,0700,13,0.8,-0.4,297,0.9,1,0,0,0,강수없음,65,적설없음,,
20220514,0800,15,1.3,-0.2,279,1.3,1,0,0,0,강수없음,55,적설없음,,
20220514,0900,16,2,0.5,256,2.1,1,0,0,0,강수없음,50,적설없음,,
20220514,1000,18,2.8,0.3,264,2.8,1,0,0,0,강수없음,40,적설없음,,
20220514,1100,19,3.4,0.1,268,3.4,1,0,0,0,강수없음,35,적설없음,,
20220516,1200,21,2.6,2.7,224,3.7,1,0,0,0,강수없음,40,적설없음,,
20220516,1300,22,3.1,2.7,229,4.1,1,0,0,0,강수없음,40,적설없음,,
20220516,1400,22,3.5,2.7,232,4.4,1,0,0,0,강수없음,40,적설없음,,
20220516,1500,22,3.8,2.9,233,4.8,1,0,0,0,강수없음,40,적설없음,,23.0
20220516,1600,22,3.4,3.2,227,4.7,1,0,0,0,강수없음,40,적설없음,,
20220516,1700,21,2.9,3,224,4.2,1,0,0,0,강수없음,45,적설없음,,
20220516,1800,20,1.9,2.5,217,3.1,1,0,0,0,강수없음,50,적설없음,,
20220516,1900,19,1,1.7,210,2,1,0,0,0,강수없음,55,적설없음,,
20220516,2000,17,1.6,0.2,263,1.6,1,0,0,0,강수없음,65,적설없음,,
20220516,2100,16,0.5,1.7,196,1.8,1,0,0,0,강수없음,70,적설없음,,
20220516,2200,16,0.4,1.9,192,1.9,1,0,0,0,강수없음,75,적설없음,,
20220516,2300,15,0,1.6,180,1.6,1,0,0,0,강수없음,80,적설없음,,
20220517,0000,15,-0.4,1.7,164,1.8,1,0,0,0,강수없음,80,적설없음,,
20220517,0100,14,0,1.4,176,1.4,1,0,0,0,강수없음,80,적설없음,,
20220517,0200,14,0.1,1.3,184,1.3,1,0,0,0,강수없음,85,적설없음,,
20220517,0300,14,0.3,1.5,191,1.5,1,0,0,0,강수없음,85,적설없음,,
20220517,0400,14,-0.2,1.5,169,1.5,1,0,0,0,강수없음,85,적설없음,,
20220517,0500,14,-0.6,1.6,156,1.7,1,0,0,0,강수없음,85,적설없음,,
20220517,0600,14,-0.8,1.8,153,2,1,0,0,0,강수없음,85,적설없음,14.0,
20220517,0700,15,-0.4,2.2,167,2.3,1,0,0,0,강수없음,80,적설없음,,
20220517,0800,17,0.2,2.6,184,2.6,1,0,0,0,강수없음,70,적설없음,,
20220517,0900,19,1,2.7,200,2.9,1,0,0,0,강수없음,65,적설없음,,
20220517,1000,20,1.4,2.5,209,2.9,1,0,0,0,강수없음,55,적설없음,,
20220517,1100,22,1.6,2.3,215,2.8,1,0,0,0,강수없음,50,적설없음,,
20220517,1200,24,0.9,2.8,198,2.9,1,0,0,0,강수없음,45,적설없음,,
20220517,1300,26,1.9,2.7,215,3.3,1,0,0,0,강수없음,40,적설없음,,
20220517,1400,26,2.8,2.7,226,3.9,1,0,0,0,강수없음,40,적설없음,,
20220517,1500,25,3.2,2.4,233,4,1,0,0,0,강수없음,40,적설없음,,27.0
20220517,1600,25,3.3,2.1,238,3.9,1,0,0,0,강수없음,45,적설없음,,
20220517,1700,23,3,1.9,238,3.6,1,0,0,0,강수없음,50,적설없음,,
20220517,1800,22,2.4,1.3,242,2.7,1,0,0,0,강수없음,55,적설없음,,
20220517,1900,21,1.6,0.7,246,1.7,1,0,0,0,강수없음,60,적설없음,,
20220517,2000,19,0.8,1.1,216,1.4,1,0,0,0,강수없음,65,적설없음,,
20220517,2100,19,0.3,1.5,191,1.5,1,0,0,0,강수없음,70,적설없음,,
20220517,2200,18,0,1.3,180,1.3,1,0,0,0,강수없음,75,적설없음,,
20220517,2300,18,-0.4,1.3,159,1.4,1,0,0,0,강수없음,75,적설없음,,
20220518,0000,17,-0.6,1.3,152,1.5,1,0,0,0,강수없음,80,적설없음,,
20220518,0100,17,-0.6,1.2,150,1.4,1,0,0,0,강수없음,80,적설없음,,
20220518,0200,16,-0.6,1.3,152,1.5,1,0,0,0,강수없음,80,적설없음,,
20220518,0300,16,-0.8,1.1,141,1.4,1,0,0,0,강수없음,80,적설없음,,
20220518,0400,16,-1,1.2,137,1.6,1,0,0,0,강수없음,80,적설없음,,
20220518,0500,16,-1.4,1.3,131,2,1,0,0,0,강수없음,80,적설없음,,
20220518,0600,16,-1.6,1.7,135,2.4,3,0,20,0,강수없음,75,적설없음,16.0,
20220518,0700,17,-0.8,1,138,1.3,1,0,0,0,강수없음,70,적설없음,,
20220518,0800,18,-1.3,0.9,123,1.7,3,0,20,0,강수없음,60,적설없음,,
20220518,0900,20,-2,2.5,140,3.3,1,0,0,0,강수없음,55,적설없음,,
20220518,1000,21,-1.5,3.1,153,3.5,3,0,20,0,강수없음,50,적설없음,,
20220518,1100,23,1.6,3.8,203,4.1,3,0,20,0,강수없음,45,적설없음,,
20220518,1200,24,2.9,3.6,219,4.6,3,0,20,0,강수없음,40,적설없음,,
20220518,1300,24,2.8,4.1,214,5,3,0,20,0,강수없음,40,적설없음,,
20220518,1400,25,2.9,4.4,213,5.3,4,0,30,0,강수없음,40,적설없음,,
20220518,1500,24,3.1,3.7,220,4.8,3,0,20,0,강수없음,45,적설없음,,25.0
20220518,1600,24,2.9,3.6,219,4.6,1,0,0,0,강수없음,45,적설없음,,
20220518,1700,23,2.5,3.4,216,4.2,1,0,0,0,강수없음,45,적설없음,,
20220518,1800,22,1.9,2.7,215,3.3,1,0,0,0,강수없음,50,적설없음,,
20220518,1900,21,1.5,2.5,211,2.9,1,0,0,0,강수없음,55,적설없음,,
20220518,2000,19,1.1,2.8,201,3,1,0,0,0,강수없음,60,적설없음,,
20220518,2100,18,1.1,2.6,203,2.8,1,0,0,0,강수없음,65,적설없음,,
20220518,2200,18,1.2,2.2,209,2.5,1,0,0,0,강수없음,65,적설없음,,
20220518,2300,18,1.1,1.7,213,2,1,0,0,0,강수없음,70,적설없음,,
20220519,0000,17,0.8,1.6,207,1.8,1,0,0,0,강수없음,70,적설없음,,
20220519,0100,17,0.3,1.4,192,1.4,1,0,0,0,강수없음,75,적설없음,,
20220519,0200,16,0.1,1.4,184,1.4,1,0,0,0,강수없음,75,적설없음,,
20220519,0300,16,0.1,1.5,184,1.5,1,0,0,0,강수없음,75,적설없음,,
20220519,0400,16,0,1.5,176,1.5,1,0,0,0,강수없음,80,적설없음,,
20220519,0500,15,-0.1,1.4,172,1.4,1,0,0,0,강수없음,80,적설없음,,
20220519,0600,15,-0.2,1.5,169,1.5,1,0,0,0,강수없음,80,적설없음,15.0,
20220519,0700,17,0.4,2,191,2,1,0,0,0,강수없음,75,적설없음,,
20220519,0800,18,1.2,2.2,209,2.5,1,0,0,0,강수없음,65,적설없음,,
20220519,0900,20,1.9,2.3,220,3,1,0,0,0,강수없음,60,적설없음,,
20220519,1000,21,2,2.5,219,3.2,1,0,0,0,강수없음,55,적설없음,,
20220519,1100,22,2,2.6,218,3.3,1,0,0,0,강수없음,50,적설없음,,
20220519,1200,23,1.8,2.7,214,3.2,1,0,0,0,강수없음,45,적설없음,,
20220519,1300,24,2.2,2.7,219,3.5,1,0,0,0,강수없음,45,적설없음,,
20220519,1400,24,2.3,2.6,221,3.5,3,0,20,0,강수없음,50,적설없음,,
20220519,1500,23,2.2,2.7,219,3.5,3,0,20,0,강수없음,50,적설없음,,24.0
20220519,1600,23,2.1,2.7,218,3.4,3,0,20,0,강수없음,50,적설없음,,
20220519,1700,22,2,2.5,219,3.2,3,0,20,0,강수없음,50,적설없음,,
20220519,1800,20,1.6,2.2,216,2.7,3,0,20,0,강수없음,55,적설없음,,
20220519,1900,20,1.1,1.6,215,1.9,3,0,20,0,강수없음,55,적설없음,,
20220519,2000,19,0.9,1.5,211,1.7,3,0,20,0,강수없음,60,적설없음,,
20220519,2100,18,0.6,1.4,203,1.5,3,0,20,0,강수없음,60,적설없음,,
20220519,2200,18,0.1,1.4,184,1.4,3,0,20,0,강수없음,60,적설없음,,
20220519,2300,17,0,1.3,176,1.3,3,0,20,0,강수없음,65,적설없음,,
20220520,0000,17,0.1,1.2,185,1.2,3,0,20,0,강수없음,65,적설없음,,
20220520,0100,17,0.6,1.6,201,1.7,3,0,20,0,강수없음,65,적설없음,,
20220520,0200,17,0.1,1.2,185,1.2,3,0,20,0,강수없음,65,적설없음,,
20220520,0300,16,-0.2,1.1,165,1.1,3,0,20,0,강수없음,65,적설없음,,
20220520,0400,16,0.3,1.4,192,1.4,3,0,20,0,강수없음,70,적설없음,,
20220520,0500,16,0.1,1.7,183,1.7,4,0,30,0,강수없음,70,적설없음,,
20220520,0600,16,0.2,1.4,188,1.4,4,0,30,0,강수없음,65,적설없음,16.0,
20220520,0700,17,0,0.7,172,0.7,3,0,20,0,강수없음,65,적설없음,,
20220520,0800,18,-0.3,1.3,163,1.4,3,0,20,0,강수없음,60,적설없음,,
20220520,0900,20,0,1.7,180,1.7,3,0,20,0,강수없음,50,적설없음,,
20220520,1000,21,0.7,2,199,2.1,3,0,20,0,강수없음,50,적설없음,,
20220520,1100,23,1.8,1.9,223,2.6,3,0,20,0,강수없음,45,적설없음,,
20220524,1200,26,2.1,0.6,254,2.2,1,0,0,0,강수없음,40,적설없음,,
20220524,1300,27,2.4,0.7,254,2.5,1,0,0,0,강수없음,35,적설없음,,
20220524,1400,28,2.8,0.7,256,2.9,1,0,0,0,강수없음,35,적설없음,,
20220524,1500,28,3.1,0.6,259,3.2,1,0,0,0,강수없음,35,적설없음,,29.0
20220524,1600,27,3,0.4,262,3,1,0,0,0,강수없음,35,적설없음,,
20220524,1700,26,2.8,0.3,264,2.8,1,0,0,0,강수없음,40,적설없음,,
20220524,1800,25,2.4,0.4,261,2.4,1,0,0,0,강수없음,45,적설없음,,
20220524,1900,23,1.5,0.5,252,1.6,1,0,0,0,강수없음,50,적설없음,,
20220524,2000,21,1,0.6,239,1.2,1,0,0,0,강수없음,60,적설없음,,
20220524,2100,20,0.9,0.5,241,1,1,0,0,0,강수없음,65,적설없음,,
20220524,2200,19,1.2,0.3,256,1.2,1,0,0,0,강수없음,70,적설없음,,
20220524,2300,19,1.2,-0.1,275,1.2,1,0,0,0,강수없음,70,적설없음,,
20220525,0000,18,1,-0.5,297,1.1,1,0,0,0,강수없음,70,적설없음,,
20220525,0100,18,0.7,-0.6,311,0.9,1,0,0,0,강수없음,75,적설없음,,
20220525,0200,18,0.5,-1,333,1.1,1,0,0,0,강수없음,75,적설없음,,
20220525,0300,17,0.1,-0.6,351,0.6,1,0,0,0,강수없음,80,적설없음,,
20220525,0400,17,0,-0.5,360,0.5,1,0,0,0,강수없음,80,적설없음,,
20220525,0500,17,0,-0.3,18,0.3,1,0,0,0,강수없음,85,적설없음,,
20220525,0600,17,-0.4,0.4,129,0.6,1,0,0,0,강수없음,85,적설없음,17.0,
20220525,0700,18,-0.2,0.4,143,0.5,1,0,0,0,강수없음,75,적설없음,,
20220525,0800,20,0.2,0.2,225,0.3,1,0,0,0,강수없음,70,적설없음,,
20220525,0900,22,0.8,0.3,249,0.9,1,0,0,0,강수없음,60,적설없음,,
20220525,1000,24,1.3,0.2,261,1.3,1,0,0,0,강수없음,50,적설없음,,
20220525,1100,25,1.6,0,270,1.6,1,0,0,0,강수없음,45,적설없음,,
20220525,1200,25,2.6,0.8,253,2.7,1,0,0,0,강수없음,45,적설없음,,
20220525,1300,26,3.2,0.9,254,3.3,1,0,0,0,강수없음,45,적설없음,,
20220525,1400,26,3.2,1,253,3.4,1,0,0,0,강수없음,45,적설없음,,
20220525,1500,25,3.4,1,254,3.5,4,0,30,0,강수없음,50,적설없음,,26.0
20220525,1600,24,3.3,1.2,250,3.5,3,0,20,0,강수없음,50,적설없음,,
20220525,1700,23,2.2,1.7,232,2.8,3,0,20,0,강수없음,55,적설없음,,
20220525,1800,22,2.5,1.3,243,2.8,3,0,20,0,강수없음,65,적설없음,,
20220525,1900,20,2.5,0.5,259,2.5,4,0,30,0,강수없음,70,적설없음,,
20220525,2000,19,1.3,1.6,219,2.1,4,0,30,0,강수없음,75,적설없음,,
20220525,2100,18,1.3,1.9,214,2.3,4,1,60,0,강수없음,80,적설없음,,
20220525,2200,18,2.2,1.7,232,2.8,4,1,60,0,4.0mm,85,적설없음,,
20220525,2300,17,2.6,0.1,268,2.6,4,1,60,0,1.0mm,85,적설없음,,
20220526,0000,17,2,-0.1,273,2,4,1,60,0,2.0mm,85,적설없음,,
20220526,0100,16,2.1,0.3,262,2.1,3,0,20,0,강수없음,85,적설없음,,
20220526,0200,16,2,0.2,264,2,1,0,0,0,강수없음,85,적설없음,,
20220526,0300,16,1.7,-0.1,273,1.7,1,0,0,0,강수없음,80,적설없음,,
20220526,0400,15,0.9,-0.1,276,0.9,1,0,0,0,강수없음,80,적설없음,,
20220526,0500,15,0.3,-0.3,315,0.4,1,0,0,0,강수없음,80,적설없음,,
20220526,0600,15,0.3,0.2,236,0.4,1,0,0,0,강수없음,80,적설없음,15.0,
20220526,0700,16,0.2,0.5,202,0.5,1,0,0,0,강수없음,75,적설없음,,
20220526,0800,17,0.4,1.1,200,1.2,1,0,0,0,강수없음,65,적설없음,,
20220526,0900,19,0.7,1.5,205,1.7,1,0,0,0,강수없음,55,적설없음,,
20220526,1000,20,1.4,1.8,218,2.3,1,0,0,0,강수없음,45,적설없음,,
20220526,1100,21,2.3,1.8,232,2.9,1,0,0,0,강수없음,40,적설없음,,
20220526,1200,22,3.1,2.7,229,4.1,1,0,0,0,강수없음,40,적설없음,,
20220526,1300,23,3.6,2.8,232,4.6,1,0,0,0,강수없음,35,적설없음,,
20220526,1400,23,4.1,2.7,237,4.9,1,0,0,0,강수없음,35,적설없음,,
20220526,1500,23,4.1,2.8,236,5,1,0,0,0,강수없음,35,적설없음,,23.0
20220526,1600,23,4,3,233,5,1,0,0,0,강수없음,35,적설없음,,
20220526,1700,22,3.6,3.3,227,4.9,1,0,0,0,강수없음,40,적설없음,,
20220526,1800,21,2.7,2.7,225,3.8,1,0,0,0,강수없음,45,적설없음,,
20220526,1900,20,2.3,2.3,225,3.3,1,0,0,0,강수없음,50,적설없음,,
20220526,2000,18,1.7,1.7,225,2.4,1,0,0,0,강수없음,55,적설없음,,
20220526,2100,18,0.9,2.1,203,2.3,1,0,0,0,강수없음,60,적설없음,,
20220526,2200,18,1.1,2.5,204,2.7,4,0,30,0,강수없음,65,적설없음,,
20220526,2300,17,0.7,2.3,197,2.4,4,0,30,0,강수없음,70,적설없음,,
20220527,0000,17,1.5,2.6,210,3,4,0,30,0,강수없음,75,적설없음,,
20220527,0100,17,1.8,2.7,214,3.2,4,0,30,0,강수없음,75,적설없음,,
20220527,0200,17,1.1,1.9,210,2.2,4,0,30,0,강수없음,75,적설없음,,
20220527,0300,17,0.6,1.1,209,1.3,4,0,30,0,강수없음,75,적설없음,,
20220527,0400,17,-0.1,1.3,171,1.3,4,0,30,0,강수없음,75,적설없음,,
20220527,0500,17,0.2,1.2,189,1.2,4,0,30,0,강수없음,80,적설없음,,
20220527,0600,17,0.3,1.2,194,1.2,4,0,30,0,강수없음,75,적설없음,16.0,
20220527,0700,17,1.2,0.7,240,1.4,4,0,30,0,강수없음,75,적설없음,,
20220527,0800,18,2.1,-0.5,283,2.2,4,0,30,0,강수없음,70,적설없음,,
20220527,0900,19,2.8,-0.9,288,2.9,4,0,30,0,강수없음,60,적설없음,,
20220527,1000,21,3.3,-0.9,285,3.4,1,0,0,0,강수없음,55,적설없음,,
20220527,1100,22,3.3,-0.9,285,3.4,1,0,0,0,강수없음,50,적설없음,,
20220530,1200,24,-0.3,0.9,156,1,4,0,30,0,강수없음,60,적설없음,,
20220530,1300,24,1.6,0.8,243,1.8,4,0,30,0,강수없음,60,적설없음,,
20220530,1400,24,3.1,0.4,263,3.1,4,0,30,0,강수없음,60,적설없음,,
20220530,1500,23,4,-0.1,271,4,4,0,30,0,강수없음,65,적설없음,,25.0
20220530,1600,22,3.5,-0.3,275,3.5,4,1,60,0,강수없음,70,적설없음,,
20220530,1700,20,2.7,-0.3,276,2.7,4,0,30,0,강수없음,75,적설없음,,
20220530,1800,20,2.2,-0.9,292,2.4,4,0,30,0,강수없음,80,적설없음,,
20220530,1900,20,1.5,-1.3,311,2,1,0,0,0,강수없음,70,적설없음,,
20220530,2000,20,1,-0.9,312,1.3,1,0,0,0,강수없음,70,적설없음,,
20220530,2100,19,1.4,-1,306,1.7,1,0,0,0,강수없음,65,적설없음,,
20220530,2200,18,1.2,-0.6,297,1.3,1,0,0,0,강수없음,60,적설없음,,
20220530,2300,18,1.4,-0.3,282,1.4,1,0,0,0,강수없음,60,적설없음,,
20220531,0000,17,1.4,-0.3,282,1.4,1,0,0,0,강수없음,60,적설없음,,
20220531,0100,16,1,-0.7,305,1.2,1,0,0,0,강수없음,65,적설없음,,
20220531,0200,16,0.6,-1.3,335,1.4,1,0,0,0,강수없음,65,적설없음,,
20220531,0300,15,0.4,-1.8,347,1.8,1,0,0,0,강수없음,65,적설없음,,
20220531,0400,15,0.9,-1.1,321,1.4,1,0,0,0,강수없음,70,적설없음,,
20220531,0500,15,0.6,-0.5,310,0.8,1,0,0,0,강수없음,70,적설없음,,
20220531,0600,15,0.4,0.2,243,0.4,1,0,0,0,강수없음,70,적설없음,15.0,
20220531,0700,16,0.3,0.4,217,0.5,1,0,0,0,강수없음,65,적설없음,,
20220531,0800,18,1.1,0.6,241,1.3,1,0,0,0,강수없음,55,적설없음,,
20220531,0900,20,0.8,0.9,222,1.2,1,0,0,0,강수없음,50,적설없음,,
20220531,1000,22,1.1,1.8,211,2.1,1,0,0,0,강수없음,45,적설없음,,
20220531,1100,24,2.1,2,226,2.9,1,0,0,0,강수없음,35,적설없음,,
20220531,1200,25,1.9,2,224,2.8,4,0,30,0,강수없음,30,적설없음,,
20220531,1300,25,2.9,2.4,230,3.8,3,0,20,0,강수없음,30,적설없음,,
20220531,1400,25,4.1,1.8,246,4.5,1,0,0,0,강수없음,30,적설없음,,
20220531,1500,25,4.1,2.2,242,4.7,1,0,0,0,강수없음,30,적설없음,,26.0
20220531,1600,25,4.2,2.7,237,5,1,0,0,0,강수없음,30,적설없음,,
20220531,1700,24,3.5,2.8,231,4.5,1,0,0,0,강수없음,30,적설없음,,
20220531,1800,23,2.4,2.2,227,3.3,1,0,0,0,강수없음,35,적설없음,,
20220531,1900,22,1.8,1.8,225,2.5,1,0,0,0,강수없음,40,적설없음,,
20220531,2000,20,1.1,1.6,215,1.9,1,0,0,0,강수없음,50,적설없음,,
20220531,2100,20,0.6,1.4,203,1.5,1,0,0,0,강수없음,55,적설없음,,
20220531,2200,19,0.2,1.5,188,1.5,1,0,0,0,강수없음,60,적설없음,,
20220531,2300,19,0.3,1.4,192,1.4,1,0,0,0,강수없음,60,적설없음,,
20220601,0000,18,0.2,1.4,188,1.4,1,0,0,0,강수없음,60,적설없음,,
20220601,0100,18,0.6,1.7,199,1.8,1,0,0,0,강수없음,65,적설없음,,
20220601,0200,17,0.6,1.7,199,1.8,1,0,0,0,강수없음,65,적설없음,,
20220601,0300,17,0.2,1.6,187,1.6,3,0,20,0,강수없음,65,적설없음,,
20220601,0400,17,0,1.2,175,1.2,4,0,30,0,강수없음,65,적설없음,,
20220601,0500,17,-0.5,0.9,146,1.1,1,0,0,0,강수없음,70,적설없음,,
20220601,0600,17,-1,0.5,114,1.2,1,0,0,0,강수없음,75,적설없음,17.0,
20220601,0700,17,-1,0.6,119,1.3,1,0,0,0,강수없음,65,적설없음,,
20220601,0800,19,-1.4,0.7,115,1.7,1,0,0,0,강수없음,60,적설없음,,
20220601,0900,21,-1.1,1.6,143,2,1,0,0,0,강수없음,50,적설없음,,
20220601,1000,23,-0.8,1.8,153,2,1,0,0,0,강수없음,45,적설없음,,
20220601,1100,25,0.1,1.6,184,1.6,1,0,0,0,강수없음,35,적설없음,,
20220603,1200,26,0.7,1.2,210,1.4,1,0,0,0,강수없음,60,적설없음,,
20220603,1300,28,0.8,1.3,212,1.5,1,0,0,0,강수없음,55,적설없음,,
20220603,1400,28,1.2,1.5,219,1.9,1,0,0,0,강수없음,55,적설없음,,
20220603,1500,29,1.9,1.3,236,2.3,1,0,0,0,강수없음,50,적설없음,,30.0
20220603,1600,29,2.5,0.9,250,2.7,1,0,0,0,강수없음,50,적설없음,,
20220603,1700,28,2.7,0.7,255,2.8,1,0,0,0,강수없음,55,적설없음,,
20220603,1800,26,2.3,0.5,258,2.4,1,0,0,0,강수없음,60,적설없음,,
20220603,1900,25,1.6,0.4,256,1.6,1,0,0,0,강수없음,65,적설없음,,
20220603,2000,24,1.1,0.3,255,1.1,1,0,0,0,강수없음,75,적설없음,,
20220603,2100,23,0.7,-0.1,278,0.7,1,0,0,0,강수없음,80,적설없음,,
20220603,2200,22,0.1,-0.8,353,0.8,1,0,0,0,강수없음,80,적설없음,,
20220603,2300,22,-0.6,-0.4,60,0.8,1,0,0,0,강수없음,80,적설없음,,
20220604,0000,22,-0.5,1,149,1.2,3,0,20,0,강수없음,80,적설없음,,
20220604,0100,21,-0.5,1,149,1.2,4,0,30,0,강수없음,80,적설없음,,
20220604,0200,21,-1.1,0.8,124,1.4,4,0,30,0,강수없음,80,적설없음,,
20220604,0300,21,-1.7,0.8,114,2,3,0,20,0,강수없음,70,적설없음,,
20220604,0400,21,-1.6,0.8,115,1.9,1,0,0,0,강수없음,65,적설없음,,
20220604,0500,20,-1.5,0.9,119,1.8,1,0,0,0,강수없음,65,적설없음,,
20220604,0600,20,-1.5,0.9,119,1.8,3,0,20,0,강수없음,65,적설없음,20.0,
20220604,0700,21,-1.4,1.4,133,2.1,4,0,30,0,강수없음,60,적설없음,,
20220604,0800,22,-1.7,1.4,128,2.3,4,0,30,0,강수없음,55,적설없음,,
20220604,0900,24,-1.7,1.2,124,2.2,3,0,20,0,강수없음,50,적설없음,,
20220604,1000,25,-1.6,1.2,125,2.1,3,0,20,0,강수없음,50,적설없음,,
20220604,1100,27,-1.5,1.5,133,2.2,3,0,20,0,강수없음,45,적설없음,,
20220607,1200,23,-1.7,-0.4,77,1.8,3,0,20,0,강수없음,45,적설없음,,
20220607,1300,24,-1.4,-1.1,54,1.9,4,0,30,0,강수없음,45,적설없음,,
20220607,1400,24,-1.1,-1.7,35,2.1,4,0,30,0,강수없음,45,적설없음,,
20220607,1500,24,-1.1,-1.9,32,2.2,4,0,30,0,강수없음,45,적설없음,,25.0
20220607,1600,24,-1.1,-2,31,2.3,4,0,30,0,강수없음,45,적설없음,,
20220607,1700,24,-1.2,-2.2,31,2.6,4,0,30,0,강수없음,45,적설없음,,
20220607,1800,23,-1.4,-1.8,40,2.3,4,0,30,0,강수없음,50,적설없음,,
20220607,1900,22,-1.8,-1.4,54,2.4,4,0,30,0,강수없음,55,적설없음,,
20220607,2000,21,-2,-1,65,2.3,4,0,30,0,강수없음,60,적설없음,,
20220607,2100,20,-2.3,-0.9,69,2.6,3,0,20,0,강수없음,60,적설없음,,
20220607,2200,19,-2.1,-0.7,72,2.3,3,0,20,0,강수없음,60,적설없음,,
20220607,2300,18,-1.9,-0.5,76,2.1,3,0,20,0,강수없음,65,적설없음,,
20220608,0000,18,-1.5,-0.4,76,1.6,3,0,20,0,강수없음,65,적설없음,,
20220608,0100,17,-1.2,-0.5,69,1.4,3,0,20,0,강수없음,70,적설없음,,
20220608,0200,17,-1.3,-0.6,67,1.5,4,0,30,0,강수없음,70,적설없음,,
20220608,0300,17,-1.6,-0.5,74,1.8,4,0,30,0,강수없음,70,적설없음,,
20220608,0400,16,-1.5,-0.4,76,1.6,4,0,30,0,강수없음,70,적설없음,,
20220608,0500,16,-1.5,-0.4,76,1.6,4,0,30,0,강수없음,70,적설없음,,
20220608,0600,16,-1.5,-0.4,76,1.6,4,0,30,0,강수없음,70,적설없음,16.0,
20220608,0700,17,-2,0.2,95,2.1,3,0,20,0,강수없음,70,적설없음,,
20220608,0800,18,-2,0.4,101,2.1,3,0,20,0,강수없음,65,적설없음,,
20220608,0900,19,-1.6,0.7,112,1.8,3,0,20,0,강수없음,60,적설없음,,
20220608,1000,21,-1.2,0.8,122,1.5,1,0,0,0,강수없음,55,적설없음,,
20220608,1100,22,-1,0.8,126,1.4,1,0,0,0,강수없음,55,적설없음,,
20220608,1200,23,-0.7,0.6,127,1,4,0,30,0,강수없음,50,적설없음,,
20220608,1300,24,0,0.6,171,0.6,3,0,20,0,강수없음,50,적설없음,,
20220608,1400,25,0.2,0.6,198,0.6,3,0,20,0,강수없음,50,적설없음,,
20220608,1500,25,0.8,0.6,233,1,3,0,20,0,강수없음,50,적설없음,,26.0
20220608,1600,25,1.2,0.4,252,1.3,3,4,60,0,1.0mm,60,적설없음,,
20220608,1700,24,1.2,0.1,265,1.2,3,0,20,0,강수없음,55,적설없음,,
20220608,1800,23,1.6,-0.1,274,1.6,3,0,20,0,강수없음,60,적설없음,,
20220608,1900,22,1.7,0.2,263,1.7,3,0,20,0,강수없음,65,적설없음,,
20220608,2000,20,1.6,0.3,259,1.6,3,0,20,0,강수없음,75,적설없음,,
20220608,2100,20,1.2,0.1,265,1.2,3,0,20,0,강수없음,80,적설없음,,
20220608,2200,19,0.8,-0.1,277,0.8,4,0,30,0,강수없음,80,적설없음,,
20220608,2300,19,0.6,0,270,0.6,4,0,30,0,강수없음,80,적설없음,,
20220609,0000,19,-0.4,0.7,144,0.9,4,0,30,0,강수없음,85,적설없음,,
20220609,0100,19,-0.1,0.7,164,0.7,4,0,30,0,강수없음,85,적설없음,,
20220609,0200,19,-0.3,1,158,1.1,4,0,30,0,강수없음,85,적설없음,,
20220609,0300,19,-1,0.8,126,1.4,4,0,30,0,강수없음,85,적설없음,,
20220609,0400,19,-1.1,0.9,127,1.5,4,0,30,0,강수없음,85,적설없음,,
20220609,0500,18,-1.2,1,128,1.6,4,0,30,0,강수없음,85,적설없음,,
20220609,0600,18,-1.1,0.8,124,1.4,4,1,60,0,1.0mm,85,적설없음,18.0,
20220609,0700,18,-0.8,1,138,1.3,4,1,60,0,5.0mm,85,적설없음,,
20220609,0800,19,-0.6,1.4,153,1.6,4,0,30,0,강수없음,85,적설없음,,
20220609,0900,20,0.1,1.8,183,1.8,4,0,30,0,강수없음,80,적설없음,,
20220609,1000,21,0.5,2,194,2.1,4,0,30,0,강수없음,75,적설없음,,
20220609,1100,22,1.2,1.6,217,2,4,0,30,0,강수없음,70,적설없음,,
20220610,1200,26,1.4,0.9,237,1.7,4,0,30,0,강수없음,50,적설없음,,
20220610,1300,27,1.4,0.3,258,1.4,3,0,20,0,강수없음,45,적설없음,,
20220610,1400,28,1.4,1,234,1.7,3,0,20,0,강수없음,45,적설없음,,
20220610,1500,28,1.8,1,241,2.1,1,0,0,0,강수없음,45,적설없음,,28.0
20220610,1600,28,2.7,0.5,260,2.7,3,0,20,0,강수없음,40,적설없음,,
20220610,1700,27,3,0.1,268,3,4,0,30,0,강수없음,45,적설없음,,
20220610,1800,26,3.7,-1.1,287,3.9,4,0,30,0,강수없음,50,적설없음,,
20220610,1900,25,1.2,0,270,1.2,4,4,60,0,7.0mm,60,적설없음,,
20220610,2000,23,1.2,-0.2,279,1.2,4,0,30,0,강수없음,65,적설없음,,
20220610,2100,22,1.3,-0.2,279,1.3,4,0,30,0,강수없음,70,적설없음,,
20220610,2200,22,0,-0.7,8,0.7,4,0,30,0,강수없음,70,적설없음,,
20220610,2300,21,0.8,0.2,256,0.8,3,0,20,0,강수없음,75,적설없음,,
20220611,0000,21,0.7,0.4,240,0.8,3,0,20,0,강수없음,75,적설없음,,
20220611,0100,21,0.3,0.2,236,0.4,3,0,20,0,강수없음,80,적설없음,,
20220611,0200,20,0,0.8,180,0.8,4,0,30,0,강수없음,80,적설없음,,
20220611,0300,20,-0.1,0.4,153,0.4,4,0,30,0,강수없음,85,적설없음,,
20220611,0400,20,-0.5,-0.2,72,0.6,4,0,30,0,강수없음,85,적설없음,,
20220611,0500,19,0.5,0,270,0.5,4,0,30,0,강수없음,85,적설없음,,
20220611,0600,20,0.8,-0.4,297,0.9,3,0,20,0,강수없음,85,적설없음,19.0,
20220611,0700,21,0.3,-0.7,337,0.8,3,0,20,0,강수없음,80,적설없음,,
20220611,0800,22,0.3,-0.1,288,0.3,3,0,20,0,강수없음,75,적설없음,,
20220611,0900,24,1,0.3,253,1,3,0,20,0,강수없음,65,적설없음,,
20220611,1000,25,1.1,-0.2,280,1.1,1,0,0,0,강수없음,55,적설없음,,
20220611,1100,27,0.8,-0.7,311,1.1,1,0,0,0,강수없음,50,적설없음,,
20220613,1200,27,-1.8,0.8,113,2.1,4,0,30,0,강수없음,45,적설없음,,
20220613,1300,28,-2.1,0.4,100,2.2,3,0,20,0,강수없음,40,적설없음,,
20220613,1400,28,-3,-0.1,88,3.1,3,0,20,0,강수없음,40,적설없음,,
20220613,1500,27,-3.6,-0.8,78,3.8,4,0,30,0,강수없음,45,적설없음,,28.0
20220613,1600,26,-3.2,-0.7,78,3.4,4,0,30,0,강수없음,50,적설없음,,
20220613,1700,26,-3.1,-0.1,88,3.2,4,4,60,0,8.0mm,60,적설없음,,
20220613,1800,25,-3.1,-0.2,86,3.2,4,4,60,0,11.0mm,60,적설없음,,
20220613,1900,25,-2.5,-0.3,83,2.6,4,4,60,0,8.0mm,60,적설없음,,
20220613,2000,24,-2.1,0.5,103,2.3,3,4,60,0,1.0mm,60,적설없음,,
20220613,2100,23,-2.1,0.9,112,2.4,4,0,30,0,강수없음,55,적설없음,,
20220613,2200,22,-2.2,0.4,100,2.3,4,0,30,0,강수없음,60,적설없음,,
20220613,2300,21,-2.4,-0.2,85,2.5,4,0,30,0,강수없음,60,적설없음,,
20220614,0000,21,-2.4,-0.4,81,2.5,4,0,30,0,강수없음,60,적설없음,,
20220614,0100,20,-2.4,-0.2,85,2.5,4,0,30,0,강수없음,65,적설없음,,
20220614,0200,20,-1.6,-0.5,74,1.8,3,0,20,0,강수없음,65,적설없음,,
20220614,0300,19,-1.7,-0.5,74,1.9,4,0,30,0,강수없음,65,적설없음,,
20220614,0400,19,-1.9,-0.4,79,2,3,0,20,0,강수없음,65,적설없음,,
20220614,0500,19,-1.8,-0.4,78,1.9,4,0,30,0,강수없음,70,적설없음,,
20220614,0600,19,-1.9,-0.4,79,2,3,0,20,0,강수없음,70,적설없음,18.0,
20220614,0700,19,-2.6,-0.2,86,2.7,3,0,20,0,강수없음,65,적설없음,,
20220614,0800,20,-3.2,-0.2,87,3.3,4,0,30,0,강수없음,60,적설없음,,
20220614,0900,22,-3.2,-0.6,80,3.4,4,0,30,0,강수없음,55,적설없음,,
20220614,1000,23,-3.2,-0.6,80,3.4,4,0,30,0,강수없음,50,적설없음,,
20220614,1100,25,-3.2,-0.4,83,3.3,3,0,20,0,강수없음,45,적설없음,,
